Trip ID,Traveller Name,Departure Date,Return Date,Departure City,Arrival City,Interests,Email,Password
1,Traveller 1,18/08/2024,28/08/2024,Barcelona,Berlin,Sports,1.traveller@gmail.com,test
2,Traveller 2,16/08/2024,23/08/2024,Berlin,Amsterdam,Sports,2.traveller@gmail.com,test
3,Traveller 3,18/08/2024,28/08/2024,Barcelona,Rome,Gastronomy,3.traveller@gmail.com,test
4,Traveller 4,18/08/2024,28/08/2024,Barcelona,Amsterdam,Music,4.traveller@gmail.com,test
5,Traveller 5,09/02/2024,16/02/2024,Amsterdam,Rome,Music,5.traveller@gmail.com,test
6,Traveller 6,14/01/2024,24/01/2024,Berlin,Paris,Gastronomy,6.traveller@gmail.com,test
7,Traveller 7,01/11/2024,14/11/2024,Amsterdam,Rome,Art,7.traveller@gmail.com,test
8,Traveller 8,14/06/2024,28/06/2024,Rome,Paris,Sports,8.traveller@gmail.com,test
9,Traveller 9,18/08/2024,28/08/2024,Barcelona,Amsterdam,Gastronomy,9.traveller@gmail.com,test
10,Traveller 10,20/08/2024,30/08/2024,Paris,Rome,Gastronomy,10.traveller@gmail.com,test
11,Traveller 11,20/08/2024,30/08/2024,Paris,Rome,Gastronomy,11.traveller@gmail.com,test
12,Traveller 12,18/08/2024,28/08/2024,Barcelona,Rome,Art,12.traveller@gmail.com,test
13,Traveller 13,03/07/2024,16/07/2024,Berlin,Paris,Sports,13.traveller@gmail.com,test
14,Traveller 14,20/08/2024,30/08/2024,Paris,Rome,Sports,14.traveller@gmail.com,test
15,Traveller 15,25/03/2024,30/03/2024,Amsterdam,Barcelona,Art,15.traveller@gmail.com,test
16,Traveller 16,08/03/2024,15/03/2024,Amsterdam,Berlin,Music,16.traveller@gmail.com,test
17,Traveller 17,03/11/2024,06/11/2024,Berlin,Barcelona,Music,17.traveller@gmail.com,test
18,Traveller 18,18/08/2024,28/08/2024,Barcelona,Berlin,Gastronomy,18.traveller@gmail.com,test
19,Traveller 19,10/01/2024,14/01/2024,Amsterdam,Paris,Gastronomy,19.traveller@gmail.com,test
20,Traveller 20,21/05/2024,25/05/2024,Rome,Amsterdam,Gastronomy,20.traveller@gmail.com,test
21,Traveller 21,22/03/2024,31/03/2024,Rome,Amsterdam,Music,21.traveller@gmail.com,test
22,Traveller 22,26/07/2024,03/08/2024,Berlin,Amsterdam,Music,22.traveller@gmail.com,test
23,Traveller 23,18/08/2024,28/08/2024,Barcelona,Paris,Music,23.traveller@gmail.com,test
24,Traveller 24,25/11/2024,28/11/2024,Berlin,Paris,Music,24.traveller@gmail.com,test
25,Traveller 25,05/10/2024,11/10/2024,Amsterdam,Paris,Art,25.traveller@gmail.com,test
26,Traveller 26,09/08/2024,12/08/2024,Amsterdam,Rome,Sports,26.traveller@gmail.com,test
27,Traveller 27,02/06/2024,06/06/2024,Amsterdam,Berlin,Music,27.traveller@gmail.com,test
28,Traveller 28,10/04/2024,19/04/2024,Berlin,Rome,Sports,28.traveller@gmail.com,test
29,Traveller 29,20/08/2024,30/08/2024,Paris,Rome,Sports,29.traveller@gmail.com,test
30,Traveller 30,20/08/2024,30/08/2024,Paris,Barcelona,Art,30.traveller@gmail.com,test
31,Traveller 31,20/08/2024,30/08/2024,Paris,Rome,Art,31.traveller@gmail.com,test
32,Traveller 32,22/08/2024,27/08/2024,Berlin,Rome,Gastronomy,32.traveller@gmail.com,test
33,Traveller 33,18/08/2024,28/08/2024,Barcelona,Paris,Gastronomy,33.traveller@gmail.com,test
34,Traveller 34,15/08/2024,19/08/2024,Rome,Barcelona,Music,34.traveller@gmail.com,test
35,Traveller 35,17/04/2024,02/05/2024,Amsterdam,Barcelona,Sports,35.traveller@gmail.com,test
36,Traveller 36,18/08/2024,28/08/2024,Barcelona,Rome,Gastronomy,36.traveller@gmail.com,test
37,Traveller 37,05/11/2024,08/11/2024,Rome,Paris,Gastronomy,37.traveller@gmail.com,test
38,Traveller 38,11/03/2024,17/03/2024,Rome,Amsterdam,Sports,38.traveller@gmail.com,test
39,Traveller 39,18/08/2024,28/08/2024,Barcelona,Rome,Art,39.traveller@gmail.com,test
40,Traveller 40,20/08/2024,30/08/2024,Paris,Rome,Gastronomy,40.traveller@gmail.com,test
41,Traveller 41,26/04/2024,02/05/2024,Amsterdam,Rome,Gastronomy,41.traveller@gmail.com,test
42,Traveller 42,19/08/2024,24/08/2024,Rome,Barcelona,Art,42.traveller@gmail.com,test
43,Traveller 43,18/08/2024,28/08/2024,Barcelona,Paris,Sports,43.traveller@gmail.com,test
44,Traveller 44,20/08/2024,30/08/2024,Paris,Berlin,Gastronomy,44.traveller@gmail.com,test
45,Traveller 45,06/07/2024,21/07/2024,Rome,Paris,Gastronomy,45.traveller@gmail.com,test
46,Traveller 46,16/10/2024,23/10/2024,Berlin,Rome,Gastronomy,46.traveller@gmail.com,test
47,Traveller 47,09/07/2024,18/07/2024,Berlin,Barcelona,Art,47.traveller@gmail.com,test
48,Traveller 48,18/08/2024,28/08/2024,Barcelona,Berlin,Sports,48.traveller@gmail.com,test
49,Traveller 49,03/06/2024,16/06/2024,Rome,Berlin,Art,49.traveller@gmail.com,test
50,Traveller 50,18/08/2024,28/08/2024,Barcelona,Berlin,Music,50.traveller@gmail.com,test
51,Traveller 51,20/08/2024,30/08/2024,Paris,Amsterdam,Art,51.traveller@gmail.com,test
52,Traveller 52,20/08/2024,30/08/2024,Paris,Barcelona,Sports,52.traveller@gmail.com,test
53,Traveller 53,06/03/2024,11/03/2024,Amsterdam,Paris,Music,53.traveller@gmail.com,test
54,Traveller 54,05/09/2024,09/09/2024,Barcelona,Berlin,Art,54.traveller@gmail.com,test
55,Traveller 55,05/09/2024,09/09/2024,Barcelona,Berlin,Art,55.traveller@gmail.com,test
56,Traveller 56,23/11/2024,06/12/2024,Berlin,Rome,Music,56.traveller@gmail.com,test
57,Traveller 57,20/08/2024,30/08/2024,Paris,Berlin,Sports,57.traveller@gmail.com,test
58,Traveller 58,03/08/2024,06/08/2024,Amsterdam,Paris,Music,58.traveller@gmail.com,test
59,Traveller 59,05/09/2024,09/09/2024,Barcelona,Paris,Art,59.traveller@gmail.com,test
60,Traveller 60,25/11/2024,28/11/2024,Rome,Barcelona,Music,60.traveller@gmail.com,test
61,Traveller 61,20/05/2024,04/06/2024,Berlin,Amsterdam,Art,61.traveller@gmail.com,test
62,Traveller 62,05/09/2024,09/09/2024,Barcelona,Paris,Music,62.traveller@gmail.com,test
63,Traveller 63,20/08/2024,30/08/2024,Paris,Rome,Gastronomy,63.traveller@gmail.com,test
64,Traveller 64,21/03/2024,04/04/2024,Amsterdam,Berlin,Gastronomy,64.traveller@gmail.com,test
65,Traveller 65,01/09/2024,15/09/2024,Berlin,Rome,Sports,65.traveller@gmail.com,test
66,Traveller 66,20/10/2024,24/10/2024,Rome,Barcelona,Sports,66.traveller@gmail.com,test
67,Traveller 67,15/09/2024,19/09/2024,Rome,Amsterdam,Art,67.traveller@gmail.com,test
68,Traveller 68,15/10/2024,19/10/2024,Berlin,Barcelona,Music,68.traveller@gmail.com,test
69,Traveller 69,05/09/2024,09/09/2024,Barcelona,Rome,Music,69.traveller@gmail.com,test
70,Traveller 70,10/04/2024,22/04/2024,Rome,Paris,Art,70.traveller@gmail.com,test
71,Traveller 71,24/01/2024,31/01/2024,Amsterdam,Paris,Art,71.traveller@gmail.com,test
72,Traveller 72,16/04/2024,22/04/2024,Berlin,Paris,Gastronomy,72.traveller@gmail.com,test
73,Traveller 73,21/05/2024,02/06/2024,Amsterdam,Barcelona,Music,73.traveller@gmail.com,test
74,Traveller 74,20/08/2024,30/08/2024,Paris,Amsterdam,Gastronomy,74.traveller@gmail.com,test
75,Traveller 75,14/02/2024,21/02/2024,Rome,Berlin,Sports,75.traveller@gmail.com,test
76,Traveller 76,05/09/2024,09/09/2024,Barcelona,Berlin,Gastronomy,76.traveller@gmail.com,test
77,Traveller 77,05/09/2024,09/09/2024,Barcelona,Berlin,Gastronomy,77.traveller@gmail.com,test
78,Traveller 78,23/11/2024,08/12/2024,Berlin,Rome,Sports,78.traveller@gmail.com,test
79,Traveller 79,05/09/2024,09/09/2024,Barcelona,Paris,Gastronomy,79.traveller@gmail.com,test
80,Traveller 80,05/09/2024,09/09/2024,Barcelona,Amsterdam,Music,80.traveller@gmail.com,test
81,Traveller 81,01/09/2024,05/09/2024,Paris,Rome,Music,81.traveller@gmail.com,test
82,Traveller 82,18/07/2024,26/07/2024,Amsterdam,Barcelona,Gastronomy,82.traveller@gmail.com,test
83,Traveller 83,18/05/2024,21/05/2024,Amsterdam,Rome,Art,83.traveller@gmail.com,test
84,Traveller 84,08/09/2024,12/09/2024,Rome,Paris,Gastronomy,84.traveller@gmail.com,test
85,Traveller 85,05/09/2024,09/09/2024,Barcelona,Paris,Gastronomy,85.traveller@gmail.com,test
86,Traveller 86,14/04/2024,21/04/2024,Berlin,Barcelona,Gastronomy,86.traveller@gmail.com,test
87,Traveller 87,18/09/2024,25/09/2024,Rome,Amsterdam,Art,87.traveller@gmail.com,test
88,Traveller 88,01/09/2024,05/09/2024,Paris,Berlin,Gastronomy,88.traveller@gmail.com,test
89,Traveller 89,01/09/2024,05/09/2024,Paris,Amsterdam,Sports,89.traveller@gmail.com,test
90,Traveller 90,05/09/2024,09/09/2024,Barcelona,Amsterdam,Art,90.traveller@gmail.com,test
91,Traveller 91,01/01/2024,05/01/2024,Amsterdam,Berlin,Art,91.traveller@gmail.com,test
92,Traveller 92,07/01/2024,12/01/2024,Amsterdam,Paris,Art,92.traveller@gmail.com,test
93,Traveller 93,09/04/2024,18/04/2024,Amsterdam,Paris,Sports,93.traveller@gmail.com,test
94,Traveller 94,13/03/2024,27/03/2024,Berlin,Barcelona,Music,94.traveller@gmail.com,test
95,Traveller 95,05/09/2024,09/09/2024,Barcelona,Amsterdam,Gastronomy,95.traveller@gmail.com,test
96,Traveller 96,05/09/2024,09/09/2024,Barcelona,Amsterdam,Art,96.traveller@gmail.com,test
97,Traveller 97,07/10/2024,16/10/2024,Amsterdam,Paris,Gastronomy,97.traveller@gmail.com,test
98,Traveller 98,05/09/2024,09/09/2024,Barcelona,Berlin,Art,98.traveller@gmail.com,test
99,Traveller 99,01/09/2024,05/09/2024,Paris,Barcelona,Gastronomy,99.traveller@gmail.com,test
100,Traveller 100,01/04/2024,12/04/2024,Berlin,Rome,Art,100.traveller@gmail.com,test
101,Traveller 101,12/07/2024,25/07/2024,Amsterdam,Barcelona,Sports,101.traveller@gmail.com,test
102,Traveller 102,25/04/2024,02/05/2024,Rome,Berlin,Art,102.traveller@gmail.com,test
103,Traveller 103,14/05/2024,28/05/2024,Rome,Barcelona,Music,103.traveller@gmail.com,test
104,Traveller 104,05/09/2024,09/09/2024,Barcelona,Rome,Music,104.traveller@gmail.com,test
105,Traveller 105,22/09/2024,26/09/2024,Amsterdam,Berlin,Sports,105.traveller@gmail.com,test
106,Traveller 106,07/01/2024,19/01/2024,Amsterdam,Rome,Art,106.traveller@gmail.com,test
107,Traveller 107,04/11/2024,17/11/2024,Berlin,Barcelona,Sports,107.traveller@gmail.com,test
108,Traveller 108,21/08/2024,25/08/2024,Amsterdam,Berlin,Sports,108.traveller@gmail.com,test
109,Traveller 109,15/11/2024,19/11/2024,Rome,Barcelona,Music,109.traveller@gmail.com,test
110,Traveller 110,14/05/2024,18/05/2024,Berlin,Rome,Music,110.traveller@gmail.com,test
111,Traveller 111,02/07/2024,08/07/2024,Rome,Paris,Sports,111.traveller@gmail.com,test
112,Traveller 112,01/09/2024,05/09/2024,Paris,Rome,Music,112.traveller@gmail.com,test
113,Traveller 113,01/09/2024,05/09/2024,Paris,Amsterdam,Art,113.traveller@gmail.com,test
114,Traveller 114,14/05/2024,28/05/2024,Rome,Barcelona,Music,114.traveller@gmail.com,test
115,Traveller 115,01/02/2024,05/02/2024,Rome,Barcelona,Music,115.traveller@gmail.com,test
116,Traveller 116,13/11/2024,24/11/2024,Berlin,Amsterdam,Art,116.traveller@gmail.com,test
117,Traveller 117,18/05/2024,24/05/2024,Amsterdam,Barcelona,Music,117.traveller@gmail.com,test
118,Traveller 118,17/01/2024,26/01/2024,Berlin,Rome,Sports,118.traveller@gmail.com,test
119,Traveller 119,01/09/2024,05/09/2024,Paris,Barcelona,Gastronomy,119.traveller@gmail.com,test
120,Traveller 120,04/03/2024,08/03/2024,Berlin,Amsterdam,Gastronomy,120.traveller@gmail.com,test
121,Traveller 121,05/09/2024,09/09/2024,Barcelona,Amsterdam,Art,121.traveller@gmail.com,test
122,Traveller 122,01/09/2024,05/09/2024,Paris,Rome,Art,122.traveller@gmail.com,test
123,Traveller 123,01/09/2024,05/09/2024,Paris,Berlin,Sports,123.traveller@gmail.com,test
124,Traveller 124,22/02/2024,07/03/2024,Rome,Barcelona,Gastronomy,124.traveller@gmail.com,test
125,Traveller 125,22/10/2024,02/11/2024,Rome,Barcelona,Gastronomy,125.traveller@gmail.com,test
126,Traveller 126,07/06/2024,14/06/2024,Amsterdam,Paris,Sports,126.traveller@gmail.com,test
127,Traveller 127,12/06/2024,21/06/2024,Rome,Barcelona,Art,127.traveller@gmail.com,test
128,Traveller 128,01/09/2024,05/09/2024,Paris,Rome,Art,128.traveller@gmail.com,test
129,Traveller 129,03/11/2024,11/11/2024,Rome,Barcelona,Music,129.traveller@gmail.com,test
130,Traveller 130,05/09/2024,09/09/2024,Barcelona,Berlin,Art,130.traveller@gmail.com,test
131,Traveller 131,05/09/2024,09/09/2024,Barcelona,Rome,Sports,131.traveller@gmail.com,test
132,Traveller 132,01/09/2024,05/09/2024,Paris,Berlin,Gastronomy,132.traveller@gmail.com,test
133,Traveller 133,05/09/2024,09/09/2024,Barcelona,Rome,Art,133.traveller@gmail.com,test
134,Traveller 134,18/03/2024,01/04/2024,Amsterdam,Paris,Music,134.traveller@gmail.com,test
135,Traveller 135,17/10/2024,20/10/2024,Amsterdam,Berlin,Sports,135.traveller@gmail.com,test
136,Traveller 136,07/10/2024,17/10/2024,Berlin,Paris,Gastronomy,136.traveller@gmail.com,test
137,Traveller 137,12/05/2024,20/05/2024,Amsterdam,Barcelona,Sports,137.traveller@gmail.com,test
138,Traveller 138,05/09/2024,09/09/2024,Barcelona,Berlin,Music,138.traveller@gmail.com,test
139,Traveller 139,01/09/2024,05/09/2024,Paris,Amsterdam,Music,139.traveller@gmail.com,test
140,Traveller 140,04/09/2024,11/09/2024,Amsterdam,Barcelona,Gastronomy,140.traveller@gmail.com,test
141,Traveller 141,05/04/2024,19/04/2024,Amsterdam,Paris,Sports,141.traveller@gmail.com,test
142,Traveller 142,07/08/2024,21/08/2024,Rome,Barcelona,Music,142.traveller@gmail.com,test
143,Traveller 143,01/09/2024,05/09/2024,Paris,Barcelona,Music,143.traveller@gmail.com,test
144,Traveller 144,07/10/2024,14/10/2024,Berlin,Barcelona,Sports,144.traveller@gmail.com,test
145,Traveller 145,05/09/2024,09/09/2024,Barcelona,Rome,Gastronomy,145.traveller@gmail.com,test
146,Traveller 146,23/04/2024,07/05/2024,Rome,Barcelona,Gastronomy,146.traveller@gmail.com,test
147,Traveller 147,05/09/2024,09/09/2024,Barcelona,Rome,Sports,147.traveller@gmail.com,test
148,Traveller 148,02/09/2024,07/09/2024,Amsterdam,Barcelona,Sports,148.traveller@gmail.com,test
149,Traveller 149,17/11/2024,30/11/2024,Berlin,Rome,Sports,149.traveller@gmail.com,test
150,Traveller 150,13/04/2024,23/04/2024,Rome,Barcelona,Sports,150.traveller@gmail.com,test
151,Traveller 151,09/06/2024,22/06/2024,Berlin,Rome,Gastronomy,151.traveller@gmail.com,test
152,Traveller 152,01/09/2024,05/09/2024,Paris,Berlin,Gastronomy,152.traveller@gmail.com,test
153,Traveller 153,17/03/2024,31/03/2024,Amsterdam,Rome,Sports,153.traveller@gmail.com,test
154,Traveller 154,01/09/2024,05/09/2024,Paris,Amsterdam,Music,154.traveller@gmail.com,test
155,Traveller 155,01/09/2024,05/09/2024,Paris,Barcelona,Gastronomy,155.traveller@gmail.com,test
156,Traveller 156,05/09/2024,09/09/2024,Barcelona,Paris,Sports,156.traveller@gmail.com,test
157,Traveller 157,16/10/2024,21/10/2024,Amsterdam,Rome,Sports,157.traveller@gmail.com,test
158,Traveller 158,26/07/2024,05/08/2024,Rome,Berlin,Gastronomy,158.traveller@gmail.com,test
159,Traveller 159,05/09/2024,09/09/2024,Barcelona,Rome,Music,159.traveller@gmail.com,test
160,Traveller 160,20/11/2024,02/12/2024,Amsterdam,Barcelona,Music,160.traveller@gmail.com,test
161,Traveller 161,14/05/2024,22/05/2024,Amsterdam,Berlin,Sports,161.traveller@gmail.com,test
162,Traveller 162,01/09/2024,05/09/2024,Paris,Barcelona,Art,162.traveller@gmail.com,test
163,Traveller 163,12/03/2024,27/03/2024,Rome,Berlin,Gastronomy,163.traveller@gmail.com,test
164,Traveller 164,21/10/2024,26/10/2024,Amsterdam,Berlin,Art,164.traveller@gmail.com,test
165,Traveller 165,03/11/2024,16/11/2024,Rome,Amsterdam,Sports,165.traveller@gmail.com,test
166,Traveller 166,05/09/2024,09/09/2024,Barcelona,Amsterdam,Music,166.traveller@gmail.com,test
167,Traveller 167,05/09/2024,09/09/2024,Barcelona,Amsterdam,Sports,167.traveller@gmail.com,test
168,Traveller 168,01/09/2024,05/09/2024,Paris,Barcelona,Gastronomy,168.traveller@gmail.com,test
169,Traveller 169,01/09/2024,05/09/2024,Paris,Amsterdam,Gastronomy,169.traveller@gmail.com,test
170,Traveller 170,01/09/2024,05/09/2024,Paris,Rome,Gastronomy,170.traveller@gmail.com,test
171,Traveller 171,05/09/2024,09/09/2024,Barcelona,Paris,Gastronomy,171.traveller@gmail.com,test
172,Traveller 172,06/07/2024,12/07/2024,Rome,Barcelona,Sports,172.traveller@gmail.com,test
173,Traveller 173,06/09/2024,15/09/2024,Rome,Amsterdam,Gastronomy,173.traveller@gmail.com,test
174,Traveller 174,12/09/2024,16/09/2024,Rome,Paris,Gastronomy,174.traveller@gmail.com,test
175,Traveller 175,05/09/2024,09/09/2024,Barcelona,Rome,Gastronomy,175.traveller@gmail.com,test
176,Traveller 176,01/09/2024,05/09/2024,Paris,Amsterdam,Sports,176.traveller@gmail.com,test
177,Traveller 177,01/09/2024,05/09/2024,Paris,Rome,Music,177.traveller@gmail.com,test
178,Traveller 178,01/09/2024,05/09/2024,Paris,Amsterdam,Art,178.traveller@gmail.com,test
179,Traveller 179,22/01/2024,03/02/2024,Rome,Barcelona,Music,179.traveller@gmail.com,test
180,Traveller 180,10/10/2024,14/10/2024,Rome,Berlin,Art,180.traveller@gmail.com,test
181,Traveller 181,04/03/2024,08/03/2024,Berlin,Barcelona,Sports,181.traveller@gmail.com,test
182,Traveller 182,05/03/2024,11/03/2024,Berlin,Amsterdam,Sports,182.traveller@gmail.com,test
183,Traveller 183,03/05/2024,16/05/2024,Rome,Paris,Music,183.traveller@gmail.com,test
184,Traveller 184,01/08/2024,13/08/2024,Amsterdam,Berlin,Sports,184.traveller@gmail.com,test
185,Traveller 185,05/09/2024,09/09/2024,Barcelona,Berlin,Art,185.traveller@gmail.com,test
186,Traveller 186,17/02/2024,23/02/2024,Berlin,Paris,Music,186.traveller@gmail.com,test
187,Traveller 187,27/11/2024,09/12/2024,Rome,Paris,Sports,187.traveller@gmail.com,test
188,Traveller 188,18/01/2024,23/01/2024,Amsterdam,Berlin,Sports,188.traveller@gmail.com,test
189,Traveller 189,11/04/2024,17/04/2024,Amsterdam,Rome,Sports,189.traveller@gmail.com,test
190,Traveller 190,05/10/2024,11/10/2024,Rome,Paris,Sports,190.traveller@gmail.com,test
191,Traveller 191,11/02/2024,16/02/2024,Berlin,Rome,Sports,191.traveller@gmail.com,test
192,Traveller 192,05/09/2024,09/09/2024,Barcelona,Berlin,Art,192.traveller@gmail.com,test
193,Traveller 193,05/09/2024,15/09/2024,Berlin,Rome,Sports,193.traveller@gmail.com,test
194,Traveller 194,01/09/2024,05/09/2024,Paris,Amsterdam,Gastronomy,194.traveller@gmail.com,test
195,Traveller 195,04/06/2024,08/06/2024,Amsterdam,Barcelona,Art,195.traveller@gmail.com,test
196,Traveller 196,01/09/2024,05/09/2024,Paris,Rome,Gastronomy,196.traveller@gmail.com,test
197,Traveller 197,01/09/2024,05/09/2024,Paris,Barcelona,Gastronomy,197.traveller@gmail.com,test
198,Traveller 198,03/09/2024,14/09/2024,Amsterdam,Berlin,Gastronomy,198.traveller@gmail.com,test
199,Traveller 199,01/09/2024,05/09/2024,Paris,Rome,Sports,199.traveller@gmail.com,test
200,Traveller 200,15/06/2024,24/06/2024,Rome,Berlin,Art,200.traveller@gmail.com,test
